{
  "formatVersion": 1,
  "database": {
    "version": 6,
    "identityHash": "ab6a00c7a52c15930fbe18a9914f0d6f",
    "entities": [
      {
        "tableName": "vacation_table",
        "createSql": "CREATE TABLE IF NOT EXISTS `${TABLE_NAME}` (`id` INTEGER PRIMARY KEY AUTOINCREMENT NOT NULL, `title` TEXT, `startDate` TEXT, `endDate` TEXT, `hotel` TEXT)",
        "fields": [
          {
            "fieldPath": "id",
            "columnName": "id",
            "affinity": "INTEGER",
            "notNull": true
          },
          {
            "fieldPath": "title",
            "columnName": "title",
            "affinity": "TEXT",
            "notNull": false
          },
          {
            "fieldPath": "startDate",
            "columnName": "startDate",
            "affinity": "TEXT",
            "notNull": false
          },
          {
            "fieldPath": "endDate",
            "columnName": "endDate",
            "affinity": "TEXT",
            "notNull": false
          },
          {
            "fieldPath": "hotel",
            "columnName": "hotel",
            "affinity": "TEXT",
            "notNull": false
          }
        ],
        "primaryKey": {
          "columnNames": [
            "id"
          ],
          "autoGenerate": true
        },
        "indices": [],
        "foreignKeys": []
      },
      {
        "tableName": "excursion_table",
        "createSql": "CREATE TABLE IF NOT EXISTS `${TABLE_NAME}` (`id` INTEGER PRIMARY KEY AUTOINCREMENT NOT NULL, `vacationId` INTEGER NOT NULL, `excursionName` TEXT, `date` TEXT)",
        "fields": [
          {
            "fieldPath": "id",
            "columnName": "id",
            "affinity": "INTEGER",
            "notNull": true
          },
          {
            "fieldPath": "vacationId",
            "columnName": "vacationId",
            "affinity": "INTEGER",
            "notNull": true
          },
          {
            "fieldPath": "excursionName",
            "columnName": "excursionName",
            "affinity": "TEXT",
            "notNull": false
          },
          {
            "fieldPath": "date",
            "columnName": "date",
            "affinity": "TEXT",
            "notNull": false
          }
        ],
        "primaryKey": {
          "columnNames": [
            "id"
          ],
          "autoGenerate": true
        },
        "indices": [],
        "foreignKeys": []
      }
    ],
    "views": [],
    "setupQueries": [
      "CREATE TABLE IF NOT EXISTS room_master_table (id INTEGER PRIMARY KEY,identity_hash TEXT)",
      "INSERT OR REPLACE INTO room_master_table (id,identity_hash) VALUES(42, 'ab6a00c7a52c15930fbe18a9914f0d6f')"
    ]
  }
}